name;best_url
Český rybářský svaz, z. s.;https://rybarsky-svaz-lucina.cz/
Český zahrádkářský svaz, z. s.;https://zahradkari.cz/
Společnost bratří Čapků, spolek;https://bratri-capkove.cz/
Svaz tělesně postižených v České republice z. s.;https://svaztp.cz/
Ski klub Ústí nad Orlicí, z. s.;https://skiricky.cz/
Český svaz karate z.s.;https://www.czechkarate.cz/
Nadace Charty 77;
Česká botanická společnost, z. s.;https://botanospol.cz/
Umělecké sdružení ARTES z.s.;https://zabava-artes.cz/
Hockey Club Kobra Praha z.s.;https://www.hckobra.cz/
Společnost průmyslu papíru a celulózy, z.s.;http://www.sppc.cz/
Biotechnologická společnost z. s.;http://bts.vscht.cz/
Syndikát novinářů České republiky, z. s.;https://www.psp.cz/
Galaxie Club, z. s.;https://www.club-galaxie.com/
Český Yacht Klub;http://www.cyk.cz/
Česká gymnastická federace, z.s.;https://www.gymfed.cz/
Český svaz chovatelů, z.s., Okresní organizace Kladno;https://www.hc-kladno.cz/
Autoklub Zbůch v AČR;
Český rybářský svaz, z. s., místní organizace Louny;https://crslouny.cz/
Český rybářský svaz, z. s., místní organizace Malá Skála;https://www.rybari-ms.com/
Oblastní spolek Českého červeného kříže Kladno;http://cervenykrizkladno.cz/
Krajská organizace ČSŽ Jihočeský kraj;https://www.kraj-jihocesky.cz/
Český rybářský svaz, z. s.;https://rybarsky-svaz-lucina.cz/
Český zahrádkářský svaz, z. s.;https://zahradkari.cz/
Společnost bratří Čapků, spolek;https://bratri-capkove.cz/
Svaz tělesně postižených v České republice z. s.;https://svaztp.cz/
Ski klub Ústí nad Orlicí, z. s.;https://www.ustinadorlici.cz/
Český svaz karate z.s.;https://www.czechkarate.cz/
Nadace Charty 77;https://nadacecharty77.cz/
Česká botanická společnost, z. s.;https://www.severoceskabotanika.cz/
Umělecké sdružení ARTES z.s.;https://zabava-artes.cz/
Hockey Club Kobra Praha z.s.;https://www.hckobra.cz/
Společnost průmyslu papíru a celulózy, z.s.;http://www.sppc.cz/
Biotechnologická společnost z. s.;http://bts.vscht.cz/
Syndikát novinářů České republiky, z. s.;https://www.syndikat-novinaru.cz/
Český Yacht Klub;http://www.cyk.cz/
Česká gymnastická federace, z.s.;https://www.gymfed.cz/
Český svaz chovatelů, z.s., Okresní organizace Kladno;
Autoklub Zbůch v AČR;
Český rybářský svaz, z. s., místní organizace Louny;https://crslouny.cz/
Český rybářský svaz, z. s., místní organizace Malá Skála;https://www.rybari-ms.com/
Oblastní spolek Českého červeného kříže Kladno;http://cervenykrizkladno.cz/
Krajská organizace ČSŽ Jihočeský kraj;https://www.kraj-jihocesky.cz/
Český svaz včelařů, z.s., okresní organizace Břeclav;https://www.dnb.com/
MOZARTOVA OBEC;https://www.mozartovaobec.cz/
Český zahrádkářský svaz, z. s.;https://zahradkari.cz/
Společnost bratří Čapků, spolek;https://bratri-capkove.cz/
Český zahrádkářský svaz, z. s.;https://zahradkari.cz/
Společnost bratří Čapků, spolek;https://www.bratri-capkove.cz/
Český zahrádkářský svaz, z. s.;https://zahradkari.cz/
Společnost bratří Čapků, spolek;https://www.bratri-capkove.cz/
Český rybářský svaz, z. s.;https://rybarsky-svaz-lucina.cz/
Český rybářský svaz, z. s.;https://rybarsky-svaz-lucina.cz/
Český zahrádkářský svaz, z. s.;https://zahradkari.cz/
Společnost bratří Čapků, spolek;https://bratri-capkove.cz/
Svaz tělesně postižených v České republice z. s.;https://svaztp.cz/
Ski klub Ústí nad Orlicí, z. s.;https://skiricky.cz/
Český svaz karate z.s.;https://www.czechkarate.cz/
Nadace Charty 77;https://nadacecharty77.cz/
Česká botanická společnost, z. s.;https://givt.cz/
Umělecké sdružení ARTES z.s.;https://zabava-artes.cz/
Hockey Club Kobra Praha z.s.;https://www.hckobra.cz/
Společnost průmyslu papíru a celulózy, z.s.;https://www.celpap.cz/
Biotechnologická společnost z. s.;http://bts.vscht.cz/
Syndikát novinářů České republiky, z. s.;https://www.usoud.cz/
Český Yacht Klub;http://www.cyk.cz/
Česká gymnastická federace, z.s.;
Český svaz chovatelů, z.s., Okresní organizace Kladno;https://mapy.com/
Autoklub Zbůch v AČR;https://www.autoklub.cz/
Český rybářský svaz, z. s., místní organizace Louny;https://crslouny.cz/
Český rybářský svaz, z. s., místní organizace Malá Skála;https://www.rybari-ms.com/
Oblastní spolek Českého červeného kříže Kladno;https://www.cervenykriz.eu/
Krajská organizace ČSŽ Jihočeský kraj;https://www.kraj-jihocesky.cz/
Český svaz včelařů, z.s., okresní organizace Břeclav;https://www.dnb.com/
MOZARTOVA OBEC;https://www.mozartovaobec.cz/
Český rybářský svaz, z. s.;https://rybarsky-svaz-lucina.cz/
Český zahrádkářský svaz, z. s.;
Český rybářský svaz, z. s.;https://rybarsky-svaz-lucina.cz/
Český zahrádkářský svaz, z. s.;https://zahradkari.cz/
Společnost bratří Čapků, spolek;https://www.bratri-capkove.cz/
Svaz tělesně postižených v České republice z. s.;https://svaztelesnepostizenychmilin.cz/
Ski klub Ústí nad Orlicí, z. s.;https://www.ustinadorlici.cz/
Český svaz karate z.s.;https://www.czechkarate.cz/
Nadace Charty 77;https://nadacecharty77.cz/
Česká botanická společnost, z. s.;https://botanospol.cz/
Umělecké sdružení ARTES z.s.;https://zabava-artes.cz/
Hockey Club Kobra Praha z.s.;https://www.info-praha.cz/
Společnost průmyslu papíru a celulózy, z.s.;https://www.cojeco.cz/
Biotechnologická společnost z. s.;http://bts.vscht.cz/
Syndikát novinářů České republiky, z. s.;https://www.syndikat-novinaru.cz/
Český Yacht Klub;http://www.cyk.cz/
Česká gymnastická federace, z.s.;https://www.gymfed.cz/
Český svaz chovatelů, z.s., Okresní organizace Kladno;https://mapy.com/
Autoklub Zbůch v AČR;https://www.autoklub.cz/
Český rybářský svaz, z. s., místní organizace Louny;https://www.infolinka-kontakty.cz/
Český rybářský svaz, z. s., místní organizace Malá Skála;https://www.rybari-ms.com/
Oblastní spolek Českého červeného kříže Kladno;http://cervenykrizkladno.cz/
Krajská organizace ČSŽ Jihočeský kraj;https://www.kraj-jihocesky.cz/
Český svaz včelařů, z.s., okresní organizace Břeclav;https://www.dnb.com/
MOZARTOVA OBEC;https://www.mozartovaobec.cz/
Český zahrádkářský svaz, z. s.;https://zahradkari.cz/
Český zahrádkářský svaz, z. s.;
Společnost bratří Čapků, spolek;https://bratri-capkove.cz/
Děti Země;https://detizeme.cz/
Český zahrádkářský svaz, z. s.;https://zahradkari.cz/
Český zahrádkářský svaz, z. s.;https://www.zahradkari.cz/
Společnost bratří Čapků, spolek;https://www.bratri-capkove.cz/
Český zahrádkářský svaz, z. s.;https://www.zahradkari.cz/
Společnost bratří Čapků, spolek;https://www.bratri-capkove.cz/
Děti Země;https://detizeme.cz/
Český zahrádkářský svaz, z. s.;https://zahradkari.cz/
Společnost bratří Čapků, spolek;https://bratri-capkove.cz/
Děti Země;https://detizeme.cz/
Český zahrádkářský svaz, z. s.;https://zahradkari.cz/
Společnost bratří Čapků, spolek;https://bratri-capkove.cz/
Děti Země;https://detizeme.cz/
Český zahrádkářský svaz, z. s.;https://zahradkari.cz/
Společnost bratří Čapků, spolek;https://bratri-capkove.cz/
Český zahrádkářský svaz, z. s.;https://zahradkari.cz/
Společnost bratří Čapků, spolek;https://bratri-capkove.cz/
Děti Země;http://detizeme.cz/
Český rybářský svaz, z. s.;https://rybarsky-svaz-lucina.cz/
Český zahrádkářský svaz, z. s.;
Společnost bratří Čapků, spolek;https://bratri-capkove.cz/
Svaz tělesně postižených v České republice z. s.;https://svaztp.cz/
Ski klub Ústí nad Orlicí, z. s.;https://skiricky.cz/
Český svaz karate z.s.;https://www.czechkarate.cz/
Nadace Charty 77;https://nadacecharty77.cz/
Česká botanická společnost, z. s.;https://www.geologickaspolecnost.cz/
Umělecké sdružení ARTES z.s.;
Hockey Club Kobra Praha z.s.;https://www.hckobra.cz/
Společnost průmyslu papíru a celulózy, z.s.;http://www.sppc.cz/
Biotechnologická společnost z. s.;
Syndikát novinářů České republiky, z. s.;https://www.syndikat-novinaru.cz/
Český Yacht Klub;http://www.cyk.cz/
Česká gymnastická federace, z.s.;https://www.gymfed.cz/
Český svaz chovatelů, z.s., Okresní organizace Kladno;https://mapy.com/
Autoklub Zbůch v AČR;https://www.autoklub.cz/
Český rybářský svaz, z. s., místní organizace Louny;https://crslouny.cz/
Český rybářský svaz, z. s., místní organizace Malá Skála;https://www.rybari-ms.com/
Oblastní spolek Českého červeného kříže Kladno;http://cervenykrizkladno.cz/
Krajská organizace ČSŽ Jihočeský kraj;https://www.kraj-jihocesky.cz/
Český rybářský svaz, z. s.;
Český zahrádkářský svaz, z. s.;https://zahradkari.cz/
Společnost bratří Čapků, spolek;
Svaz tělesně postižených v České republice z. s.;https://svaztp.cz/
Ski klub Ústí nad Orlicí, z. s.;
Český svaz karate z.s.;https://www.karaterec.com/
Nadace Charty 77;https://nadacecharty77.cz/
Český rybářský svaz, z. s.;https://www.crshradec.cz/
Český zahrádkářský svaz, z. s.;https://www.zahradkari.cz/
Společnost bratří Čapků, spolek;https://bratri-capkove.cz/
Svaz tělesně postižených v České republice z. s.;https://svaztp.cz/
Ski klub Ústí nad Orlicí, z. s.;https://skiricky.cz/
Český svaz karate z.s.;https://www.czechkarate.cz/
Nadace Charty 77;https://nadacecharty77.cz/
Česká botanická společnost, z. s.;https://botanospol.cz/
Umělecké sdružení ARTES z.s.;http://www.zabava-artes.cz/
Hockey Club Kobra Praha z.s.;https://www.hckobra.cz/
Společnost průmyslu papíru a celulózy, z.s.;https://www.celpap.cz/
Biotechnologická společnost z. s.;http://bts.vscht.cz/
Syndikát novinářů České republiky, z. s.;https://www.syndikat-novinaru.cz/
Český Yacht Klub;http://www.cyk.cz/
Česká gymnastická federace, z.s.;https://www.gymfed.cz/
Český svaz chovatelů, z.s., Okresní organizace Kladno;https://mapy.com/
Autoklub Zbůch v AČR;https://www.autoklub.cz/
Český rybářský svaz, z. s., místní organizace Louny;https://www.crshradec.cz/
Český rybářský svaz, z. s., místní organizace Malá Skála;https://www.rybari-ms.com/
Oblastní spolek Českého červeného kříže Kladno;http://cervenykrizkladno.cz/
Krajská organizace ČSŽ Jihočeský kraj;https://www.kraj-jihocesky.cz/
MOZARTOVA OBEC;https://www.mozartovaobec.cz/
Český rybářský svaz, z. s.;https://rybarsky-svaz-lucina.cz/
Český zahrádkářský svaz, z. s.;https://zahradkari.cz/
Společnost bratří Čapků, spolek;https://bratri-capkove.cz/
Svaz tělesně postižených v České republice z. s.;https://svaztelesnepostizenychmilin.cz/
Ski klub Ústí nad Orlicí, z. s.;https://www.ustinadorlici.cz/
Český svaz karate z.s.;https://www.czechkarate.cz/
Nadace Charty 77;https://nadacecharty77.cz/
Česká botanická společnost, z. s.;https://www.severoceskabotanika.cz/
Umělecké sdružení ARTES z.s.;https://zabava-artes.cz/
Hockey Club Kobra Praha z.s.;https://www.hckobra.cz/
Společnost průmyslu papíru a celulózy, z.s.;http://www.sppc.cz/
Biotechnologická společnost z. s.;http://bts.vscht.cz/
Syndikát novinářů České republiky, z. s.;https://www.syndikat-novinaru.cz/
Český Yacht Klub;http://www.cyk.cz/
Česká gymnastická federace, z.s.;https://www.gymfed.cz/
Český svaz chovatelů, z.s., Okresní organizace Kladno;
Autoklub Zbůch v AČR;https://autoklubsr.sk/
Český rybářský svaz, z. s., místní organizace Louny;https://crslouny.cz/
Český rybářský svaz, z. s., místní organizace Malá Skála;https://www.rybari-ms.com/
Oblastní spolek Českého červeného kříže Kladno;http://cervenykrizkladno.cz/
Krajská organizace ČSŽ Jihočeský kraj;https://cusjiznicechy.cz/
MOZARTOVA OBEC;https://www.mozartovaobec.cz/
Český rybářský svaz, z. s.;https://www.crshradec.cz/
Český zahrádkářský svaz, z. s.;https://zahradkari.cz/
Společnost bratří Čapků, spolek;https://bratri-capkove.cz/
Svaz tělesně postižených v České republice z. s.;https://svaztelesnepostizenych-podborany.webnode.cz/
Ski klub Ústí nad Orlicí, z. s.;https://www.ustinadorlici.cz/
Český svaz karate z.s.;https://www.czechkarate.cz/
Nadace Charty 77;https://nadacecharty77.cz/
Česká botanická společnost, z. s.;https://botanospol.cz/
Umělecké sdružení ARTES z.s.;https://www.artesfm.cz/
Hockey Club Kobra Praha z.s.;https://www.hckobra.cz/
Společnost průmyslu papíru a celulózy, z.s.;http://www.sppc.cz/
Biotechnologická společnost z. s.;http://bts.vscht.cz/
Syndikát novinářů České republiky, z. s.;https://www.syndikat-novinaru.cz/
Český Yacht Klub;http://www.cyk.cz/
Česká gymnastická federace, z.s.;https://www.gymfed.cz/
Český svaz chovatelů, z.s., Okresní organizace Kladno;
Autoklub Zbůch v AČR;https://zaciname.autoklub.cz/
Český rybářský svaz, z. s., místní organizace Louny;https://www.crshradec.cz/
Český rybářský svaz, z. s., místní organizace Malá Skála;https://www.rybari-ms.com/
Oblastní spolek Českého červeného kříže Kladno;https://www.cervenykriz.eu/
Krajská organizace ČSŽ Jihočeský kraj;https://cusjiznicechy.cz/
MOZARTOVA OBEC;https://www.mozartovaobec.cz/
Český rybářský svaz, z. s.;https://www.crshradec.cz/
Český zahrádkářský svaz, z. s.;https://www.zahradkari.cz/
Společnost bratří Čapků, spolek;https://bratri-capkove.cz/
Svaz tělesně postižených v České republice z. s.;https://pacientskyhub.cz/
Ski klub Ústí nad Orlicí, z. s.;https://www.ustinadorlici.cz/
Český svaz karate z.s.;https://www.czechkarate.cz/
Nadace Charty 77;https://nadacecharty77.cz/
Česká botanická společnost, z. s.;https://botanospol.cz/
Umělecké sdružení ARTES z.s.;https://zabava-artes.cz/
Hockey Club Kobra Praha z.s.;https://www.hckobra.cz/
Společnost průmyslu papíru a celulózy, z.s.;http://sppc.cz/
Biotechnologická společnost z. s.;http://bts.vscht.cz/
Syndikát novinářů České republiky, z. s.;https://www.syndikat-novinaru.cz/
Český Yacht Klub;http://www.cyk.cz/
Česká gymnastická federace, z.s.;https://www.gymfed.cz/
Český svaz chovatelů, z.s., Okresní organizace Kladno;
Autoklub Zbůch v AČR;https://www.autoklub.cz/
Český rybářský svaz, z. s., místní organizace Louny;https://www.crshradec.cz/
Český rybářský svaz, z. s., místní organizace Malá Skála;https://www.mala-skala.cz/
Oblastní spolek Českého červeného kříže Kladno;http://cervenykrizkladno.cz/
Krajská organizace ČSŽ Jihočeský kraj;https://www.novinykraje.cz/
MOZARTOVA OBEC;https://www.mozartovaobec.cz/
Český rybářský svaz, z. s.;https://www.crshradec.cz/
Český zahrádkářský svaz, z. s.;https://zahradkari.cz/
Společnost bratří Čapků, spolek;https://bratri-capkove.cz/
Svaz tělesně postižených v České republice z. s.;https://svaztelesnepostizenychmilin.cz/
Ski klub Ústí nad Orlicí, z. s.;https://www.ustinadorlici.cz/
Český svaz karate z.s.;https://www.czechkarate.cz/
Nadace Charty 77;https://nadacecharty77.cz/
Česká botanická společnost, z. s.;https://botanospol.cz/
Umělecké sdružení ARTES z.s.;https://zabava-artes.cz/
Hockey Club Kobra Praha z.s.;https://www.hckobra.cz/
Společnost průmyslu papíru a celulózy, z.s.;http://sppc.cz/
Biotechnologická společnost z. s.;http://bts.vscht.cz/
Syndikát novinářů České republiky, z. s.;https://www.syndikat-novinaru.cz/
Český Yacht Klub;http://www.cyk.cz/
Česká gymnastická federace, z.s.;https://www.gymfed.cz/
Český svaz chovatelů, z.s., Okresní organizace Kladno;
Autoklub Zbůch v AČR;https://www.autoklub.cz/
Český rybářský svaz, z. s., místní organizace Louny;https://crslouny4.webnode.cz/
Český rybářský svaz, z. s., místní organizace Malá Skála;https://www.rybari-ms.com/
Oblastní spolek Českého červeného kříže Kladno;https://www.cervenykriz.eu/
Krajská organizace ČSŽ Jihočeský kraj;https://www.novinykraje.cz/
MOZARTOVA OBEC;https://www.mozartovaobec.cz/
Český rybářský svaz, z. s.;https://www.crs-sus.cz/
Český zahrádkářský svaz, z. s.;https://zahradkari.cz/
Společnost bratří Čapků, spolek;https://bratri-capkove.cz/
Svaz tělesně postižených v České republice z. s.;https://svaztelesnepostizenych-podborany.webnode.cz/
Ski klub Ústí nad Orlicí, z. s.;https://skiricky.cz/
Český svaz karate z.s.;https://www.czechkarate.cz/
Nadace Charty 77;https://nadacecharty77.cz/
Česká botanická společnost, z. s.;https://www.severoceskabotanika.cz/
Umělecké sdružení ARTES z.s.;https://zabava-artes.cz/
Hockey Club Kobra Praha z.s.;https://www.hckobra.cz/
Společnost průmyslu papíru a celulózy, z.s.;http://sppc.cz/
Biotechnologická společnost z. s.;http://bts.vscht.cz/
Syndikát novinářů České republiky, z. s.;https://www.syndikat-novinaru-jck.cz/
Český Yacht Klub;http://www.cyk.cz/
Česká gymnastická federace, z.s.;https://www.gymfed.cz/
Český svaz chovatelů, z.s., Okresní organizace Kladno;
Autoklub Zbůch v AČR;https://www.autoklub.cz/
Český rybářský svaz, z. s., místní organizace Louny;https://crslouny.cz/
Český rybářský svaz, z. s., místní organizace Malá Skála;https://www.rybari-ms.com/
Oblastní spolek Českého červeného kříže Kladno;http://cervenykrizkladno.cz/
Krajská organizace ČSŽ Jihočeský kraj;https://cusjiznicechy.cz/
MOZARTOVA OBEC;https://www.mozartovaobec.cz/
Český rybářský svaz, z. s.;https://www.crs-sus.cz/
Český zahrádkářský svaz, z. s.;https://zahradkari.cz/
Společnost bratří Čapků, spolek;https://bratri-capkove.cz/
Svaz tělesně postižených v České republice z. s.;
Ski klub Ústí nad Orlicí, z. s.;https://skiricky.cz/
Český svaz karate z.s.;https://www.karaterec.com/
Nadace Charty 77;https://nadacecharty77.cz/
Česká botanická společnost, z. s.;https://botanospol.cz/
Umělecké sdružení ARTES z.s.;https://zabava-artes.cz/
Hockey Club Kobra Praha z.s.;https://hockeyoracle.com/
Společnost průmyslu papíru a celulózy, z.s.;http://www.sppc.cz/
Biotechnologická společnost z. s.;http://bts.vscht.cz/
Syndikát novinářů České republiky, z. s.;
Český Yacht Klub;http://www.cyk.cz/
Česká gymnastická federace, z.s.;
Český svaz chovatelů, z.s., Okresní organizace Kladno;
Autoklub Zbůch v AČR;https://www.autoklub.cz/
Český rybářský svaz, z. s., místní organizace Louny;https://crslouny.cz/
Český rybářský svaz, z. s., místní organizace Malá Skála;https://www.crs-sus.cz/
Oblastní spolek Českého červeného kříže Kladno;http://cervenykrizkladno.cz/
Krajská organizace ČSŽ Jihočeský kraj;https://cusjiznicechy.cz/
MOZARTOVA OBEC;https://www.mozartovaobec.cz/
Český rybářský svaz, z. s.;https://www.crshradec.cz/
Český zahrádkářský svaz, z. s.;https://www.studena.cz/
Český rybářský svaz, z. s.;https://www.crshradec.cz/
Český zahrádkářský svaz, z. s.;https://zahradkari.cz/
Společnost bratří Čapků, spolek;https://bratri-capkove.cz/
Svaz tělesně postižených v České republice z. s.;
Ski klub Ústí nad Orlicí, z. s.;https://skiricky.cz/
Český svaz karate z.s.;https://www.czechkarate.cz/
Nadace Charty 77;https://nadacecharty77.cz/
Česká botanická společnost, z. s.;https://botanospol.cz/
Umělecké sdružení ARTES z.s.;https://zabava-artes.cz/
Hockey Club Kobra Praha z.s.;https://www.hckobra.cz/
Společnost průmyslu papíru a celulózy, z.s.;http://www.sppc.cz/
Biotechnologická společnost z. s.;http://bts.vscht.cz/
Syndikát novinářů České republiky, z. s.;
Český Yacht Klub;http://www.cyk.cz/
Česká gymnastická federace, z.s.;
Farma GENESIS - Hrazená Lhota, z.s.;
Aeroklub Vlašim, zapsaný spolek;
Svaz národní házené;
Unie zdravotně postižených sportovců České republiky, z.s.;
Asociace pracovníků hradů, zámků, klášterů v likvidaci;
Jezdecký klub ELIOT Brno;
Občanské sdružení pomoci nevidomým a slabozrakým v likvidaci;
ZÁLESÁK - svaz pro pobyt v přírodě, z.s.;
Hockey club Strojosvit;
Plavecký klub Nový Jičín, z. s.;
Český rybářský svaz, z. s.;https://www.crs-sus.cz/
Český zahrádkářský svaz, z. s.;https://zahradkari.cz/
Společnost bratří Čapků, spolek;https://bratri-capkove.cz/
Svaz tělesně postižených v České republice z. s.;https://svaztelesnepostizenych-podborany.webnode.cz/
Ski klub Ústí nad Orlicí, z. s.;https://skiricky.cz/
Český svaz karate z.s.;https://www.karaterec.com/
Nadace Charty 77;https://nadacecharty77.cz/
Česká botanická společnost, z. s.;https://botanospol.cz/
Umělecké sdružení ARTES z.s.;https://zabava-artes.cz/
Hockey Club Kobra Praha z.s.;https://hockeyoracle.com/
Společnost průmyslu papíru a celulózy, z.s.;http://www.sppc.cz/
Biotechnologická společnost z. s.;http://bts.vscht.cz/
Syndikát novinářů České republiky, z. s.;https://www.syndikat-novinaru-jck.cz/
Český Yacht Klub;http://www.cyk.cz/
Česká gymnastická federace, z.s.;https://www.gymfed.cz/
Farma GENESIS - Hrazená Lhota, z.s.;https://farmagenesis.webnode.cz/
Aeroklub Vlašim, zapsaný spolek;https://www.akvlasim.cz/
Svaz národní házené;https://www.svaznarodnihazene.cz/
Unie zdravotně postižených sportovců České republiky, z.s.;https://www.regionpraha.cz/
Asociace pracovníků hradů, zámků, klášterů v likvidaci;https://www.amhz.cz/
Jezdecký klub ELIOT Brno;https://jkeliot.cz/
Občanské sdružení pomoci nevidomým a slabozrakým v likvidaci;https://sdruzenidrak.cz/
ZÁLESÁK - svaz pro pobyt v přírodě, z.s.;https://zalesaksvaz.cz/
Hockey club Strojosvit;https://www.strojosvit.cz/
Plavecký klub Nový Jičín, z. s.;https://www.pknj.cz/
TJ SPARTAK PŘEROV, spolek;https://www.tjspartakprerov.cz/
Tělovýchovná jednota Fulnek, z.s.;https://www.tjfulnek.cz/
TJ Zbrojovka Vsetín, z.s.;http://www.tjzbrojovka.cz/
Kongregace Šedých sester III. řádu sv. Františka;https://smfo.cz/
Český rybářský svaz, z. s.;https://www.crs-sus.cz/
Český zahrádkářský svaz, z. s.;https://zahradkari.cz/
Společnost bratří Čapků, spolek;https://bratri-capkove.cz/
Svaz tělesně postižených v České republice z. s.;https://svaztelesnepostizenychmilin.cz/
Ski klub Ústí nad Orlicí, z. s.;https://skiricky.cz/
Český svaz karate z.s.;https://www.karaterec.com/
Nadace Charty 77;https://nadacecharty77.cz/
Česká botanická společnost, z. s.;https://botanospol.cz/
Umělecké sdružení ARTES z.s.;https://zabava-artes.cz/
Hockey Club Kobra Praha z.s.;https://hockeyoracle.com/
Společnost průmyslu papíru a celulózy, z.s.;http://www.sppc.cz/
Biotechnologická společnost z. s.;http://bts.vscht.cz/
Syndikát novinářů České republiky, z. s.;https://www.syndikat-novinaru.cz/
Český Yacht Klub;http://www.cyk.cz/
Česká gymnastická federace, z.s.;https://www.gymfed.cz/
Farma GENESIS - Hrazená Lhota, z.s.;https://farmagenesis.webnode.cz/
Aeroklub Vlašim, zapsaný spolek;https://www.akvlasim.cz/
Svaz národní házené;https://www.svaznarodnihazene.cz/
Unie zdravotně postižených sportovců České republiky, z.s.;https://www.ceskeadaptivnisporty.cz/
Asociace pracovníků hradů, zámků, klášterů v likvidaci;https://www.amhz.cz/
Jezdecký klub ELIOT Brno;https://jkeliot.cz/
Občanské sdružení pomoci nevidomým a slabozrakým v likvidaci;https://mv.gov.cz/
ZÁLESÁK - svaz pro pobyt v přírodě, z.s.;https://zalesaksvaz.cz/
Hockey club Strojosvit;https://www.strojosvit.cz/
Plavecký klub Nový Jičín, z. s.;https://www.pknj.cz/
TJ SPARTAK PŘEROV, spolek;https://www.tjspartakprerov.cz/
Tělovýchovná jednota Fulnek, z.s.;https://www.tjfulnek.cz/
TJ Zbrojovka Vsetín, z.s.;http://www.tjzbrojovka.cz/
TĚLOVÝCHOVNÁ JEDNOTA SPORTOVNÍ AREÁL ŠPIČÁK, z. s.;https://www.tjspicak.cz/
Sportovní klub Radbuza Plzeň, z.s.;https://www.skradbuza.cz/
SK SLOVAN Plzeň 1910, z.s.;https://www.skslovanplzen.cz/
Sportovní klub TENIS Hrádek nad Nisou;http://sporthradek.cz/
TJ Doksy, z.s.;https://tjdoksy.cz/
TJ SLOVAN Vejprty;https://www.vejprty.cz/
Klub stomiků Brno, z.s.;https://klubstomikuhb.cz/
Český svaz chovatelů, z.s., Okresní organizace Kladno;
Autoklub Zbůch v AČR;https://www.autoklub.cz/
Český rybářský svaz, z. s., místní organizace Louny;https://crslouny.cz/
Český rybářský svaz, z. s., místní organizace Malá Skála;https://www.crs-sus.cz/
Oblastní spolek Českého červeného kříže Kladno;http://cervenykrizkladno.cz/
Krajská organizace ČSŽ Jihočeský kraj;https://cusjiznicechy.cz/
MOZARTOVA OBEC;https://www.mozartovaobec.cz/
Pionýr, z. s. - 21. pionýrská skupina Střelka;https://dub.webnode.cz/
NEREUS klub potápěčů, p.s.;
Tělocvičná jednota Sokol Uherský Brod;
AUTOMOTO KLUB VINOHRADY v AČR;https://www.autoklub.cz/
Český rybářský svaz, z. s., místní organizace Pacov;http://crspacov.cz/
Bikros sport klub Dubá;https://www.bmxpardubice.cz/
Český rybářský svaz, z. s., místní organizace Jirkov;https://www.jirkov.cz/
Spolek Němců a přátel německé kultury v ČR;http://www.kulturverband.org/
Spolek Němců a přátel německé kultury v ČR;http://www.kulturverband.org/
Spolek Němců a přátel německé kultury v ČR;http://www.kulturverband.org/
Spolek Němců a přátel německé kultury v ČR;http://www.kulturverband.org/
Náboženská matice;https://mk.gov.cz/
Český svaz ochránců přírody;https://csop.cz/
Česká speleologická společnost;https://csszo6-11.cz/
Zemědělský svaz ČR, územní organizace Rychnov nad Kněžnou z.s. v likvidaci;https://www.zscr.cz/
ZO ČSOP 10/10;https://csop.cz/
ZO ČSOP ROKYCANY;https://www.rokycany.cz/
ZO ČSOP KŘÍŽOVÁ;https://csop.cz/
ZO ČSOP ORLICE;https://www.krnovice.cz/
III. ZO ČSOP v Brně - MORAVSKÝ SPOLEK BRNO;https://csopbrno.cz/
